Thema,Jahrzahl
Wahrnehmung,1981
Wahrnehmung,1982
Realität,1979
Wahrnehmung,1984
Wirklichkeit,1980
Realität,1973
Erfahrung,1980
Raum und Zeit,1990
Viabilität,1997
Wahrnehmung,1983
Wirklichkeit,1973
Viabilität,1961
Wirklichkeit,1993
Wirklichkeit,1971
Erfahrung,1976
Anpassung,1976
Viabilität,1988
Sprache,1992
Wahrnehmung,1977
Wahrnehmung,1972
Realität,1985
Anpassung,1998
Erfahrung,1986
Anpassung,1993
Sprache,1990
Viabilität,1979
Wahrnehmung,1987
Wirklichkeit,1966
Viabilität,1975
Lernen,1970
Realität,1970
Anpassung,1986
Realität,1987
Anpassung,1971
Anpassung,1961
Anpassung,1982
Wahrnehmung,1970
Anpassung,1970
Viabilität,1964
Erfahrung,1961
Raum und Zeit,1976
Anpassung,1981
Realität,1991
Realität,1975
Raum und Zeit,1970
Erfahrung,1969
Wahrnehmung,1980
Wahrnehmung,1972
Erfahrung,1964
Lernen,1994
Wahrnehmung,1968
Wirklichkeit,1983
Wahrnehmung,1998
Anpassung,1983
Raum und Zeit,1989
Realität,1984
Raum und Zeit,1960
Erfahrung,1999
Anpassung,1984
Lernen,1999
Lernen,1970
Anpassung,1991
Wahrnehmung,1976
Viabilität,1990
Wirklichkeit,1990
Wirklichkeit,1985
Wahrnehmung,1977
Lernen,1993
Raum und Zeit,2000
Wahrnehmung,1979
Erfahrung,1988
Lernen,1971
Anpassung,1981
Realität,1990
Wahrnehmung,1986
Anpassung,1994
Viabilität,1990
Raum und Zeit,1987
Wirklichkeit,1980
Anpassung,1970
Anpassung,1966
Anpassung,1975
Raum und Zeit,1991
Sprache,1991
Realität,1984
Wirklichkeit,1967
Sprache,1985
Viabilität,1986
Viabilität,1979
Wahrnehmung,1963
Sprache,1987
Viabilität,1982
Viabilität,2000
Realität,1967
Wahrnehmung,1978
Wirklichkeit,1966
Wahrnehmung,1964
Erfahrung,1966
Wirklichkeit,1985
Viabilität,1977
Lernen,1982
Realität,1963
Raum und Zeit,1974
Erfahrung,1991
Viabilität,1989
Viabilität,1969
Realität,1993
Sprache,1998
Sprache,1980
Anpassung,1981
Viabilität,1966
Erfahrung,1985
Wirklichkeit,1965
Lernen,1999
Realität,1962
Anpassung,1986
Realität,1964
Wirklichkeit,1996
Wahrnehmung,1980
Lernen,1980
Viabilität,1984
Realität,1978
Sprache,1962
Viabilität,1969
Sprache,1976
Anpassung,1968
Erfahrung,1983
Wahrnehmung,1996
Anpassung,2000
Wirklichkeit,1962
Sprache,1967
Raum und Zeit,1997
Wirklichkeit,1975
Lernen,1996
Raum und Zeit,1973
Wahrnehmung,1964
Wirklichkeit,1975
Erfahrung,1970
Anpassung,1964
Viabilität,1997
Realität,1967
Raum und Zeit,1969
Wahrnehmung,1997
Erfahrung,1991
Viabilität,1990
Viabilität,1961
Sprache,1990
Lernen,1971
Raum und Zeit,1975
Realität,1971
Realität,1969
Raum und Zeit,1969
Wirklichkeit,1973
Anpassung,1971
Anpassung,1997
Wirklichkeit,1967
Wirklichkeit,1989
Sprache,1968
Wirklichkeit,1992
Wirklichkeit,1993
Realität,1998
Erfahrung,1987
Wirklichkeit,1966
Anpassung,1960
Sprache,1985
Anpassung,2000
Wahrnehmung,1996
Wirklichkeit,1969
Lernen,1978
Sprache,1984
Lernen,1970
Wirklichkeit,1986
Viabilität,1987
Wahrnehmung,1984
Viabilität,1963
Lernen,1982
Anpassung,1969
Sprache,1984
Sprache,1960
Sprache,1996
Wirklichkeit,1974
Anpassung,1975
Lernen,1974
Erfahrung,1973
Raum und Zeit,1974
Lernen,1997
Wirklichkeit,1974
Wirklichkeit,1996
Raum und Zeit,1999
Wirklichkeit,1974
Wirklichkeit,1991
Sprache,1968
Viabilität,1999
Sprache,1960
Lernen,1976
Realität,1987
Erfahrung,1973
Viabilität,1973
Lernen,1993
